<?xml version="1.0" encoding="UTF-8"?>
<PeakList modified="2021-06-16T15:17:06">
  <PeakList1D>
    <PeakList1DHeader creator="Akio Miyazato" date="2021-06-16T15:17:05" expNo="1" name="210616-Benzhydryl" owner="" procNo="1" source="D:\NMRdata">
      <PeakPickDetails>F1=9.758139ppm, F2=6.255567ppm, MI=0.01cm, MAXI=0.16cm, PC=1.000
      </PeakPickDetails>
    </PeakList1DHeader>
    <Peak1D F1="9.054914" intensity="0.03648239" type="0"/>
    <Peak1D F1="9.041065" intensity="0.03731393" type="0"/>
    <Peak1D F1="8.693582" intensity="0.02355946" type="0"/>
    <Peak1D F1="8.21377" intensity="0.02673366" type="0"/>
    <Peak1D F1="8.196689" intensity="0.0332892" type="0"/>
    <Peak1D F1="8.194665" intensity="0.03237261" type="0"/>
    <Peak1D F1="8.177589" intensity="0.02360491" type="0"/>
    <Peak1D F1="7.684891" intensity="0.04213454" type="0"/>
    <Peak1D F1="7.523861" intensity="0.017919" type="0"/>
    <Peak1D F1="7.519814" intensity="0.01562568" type="0"/>
    <Peak1D F1="7.511976" intensity="0.06651545" type="0"/>
    <Peak1D F1="7.507634" intensity="0.04648609" type="0"/>
    <Peak1D F1="7.505103" intensity="0.04826915" type="0"/>
    <Peak1D F1="7.497911" intensity="0.1226459" type="0"/>
    <Peak1D F1="7.493919" intensity="0.1432233" type="0"/>
    <Peak1D F1="7.486119" intensity="0.02924699" type="0"/>
    <Peak1D F1="7.481849" intensity="0.0163693" type="0"/>
    <Peak1D F1="7.295551" intensity="0.06297427" type="0"/>
    <Peak1D F1="7.289645" intensity="0.05114839" type="0"/>
    <Peak1D F1="7.276572" intensity="0.05459807" type="0"/>
    <Peak1D F1="7.272412" intensity="0.04436338" type="0"/>
  </PeakList1D>
</PeakList>
