<?xml version="1.0" encoding="UTF-8"?>
<PeakList modified="2021-06-16T15:21:19">
  <PeakList1D>
    <PeakList1DHeader creator="Akio Miyazato" date="2021-06-16T15:21:19" expNo="2" name="210616-Benzhydryl" owner="" procNo="1" source="D:\NMRdata">
      <PeakPickDetails>F1=161.625336ppm, F2=68.617592ppm, MI=1.37cm, MAXI=17.39cm, PC=1.400
      </PeakPickDetails>
    </PeakList1DHeader>
    <Peak1D F1="146.83136" intensity="2.402739" type="0"/>
    <Peak1D F1="144.618774" intensity="4.298143" type="0"/>
    <Peak1D F1="135.987427" intensity="4.575199" type="0"/>
    <Peak1D F1="129.463623" intensity="5.867897" type="0"/>
    <Peak1D F1="129.356506" intensity="15.0" type="0"/>
    <Peak1D F1="128.806931" intensity="6.918596" type="0"/>
    <Peak1D F1="128.762527" intensity="14.17521" type="0"/>
    <Peak1D F1="75.48085" intensity="2.691873" type="0"/>
  </PeakList1D>
</PeakList>
