{
    "constant": {
        "DATE": {
            "value": "1623810781"
        },
        "PULPROG": {
            "value": "zg30"
        },
        "SOLVENT": {
            "value": "DMSO"
        },
        "NS": {
            "value": 16
        },
        "RO": {
            "value": 20,
            "unit": "Hz"
        },
        "TE": {
            "value": 298.0,
            "unit": "K"
        },
        "PROBHD": {
            "value": "Z122623_0030 (CPP BBO 400S1 BB-H&F-D-05 Z)"
        },
        "P1": {
            "value": "12",
            "unit": "us"
        },
        "D1": {
            "value": "1",
            "unit": "s"
        },
        "NUC1": {
            "value": "1H"
        },
        "TD": {
            "value": 65536
        }
    },
    "variable": []
}