{
    "DATE": {
        "name": {
            "ja": "測定日時",
            "en": "DATE"
        },
        "schema": {
            "type": "string"
        }
    },
    "PULPROG": {
        "name": {
            "ja": "パルスプログラム",
            "en": "PULSE PROGRAM"
        },
        "schema": {
            "type": "string"
        }
    },
    "SOLVENT": {
        "name": {
            "ja": "溶媒",
            "en": "SOLVENT"
        },
        "schema": {
            "type": "string"
        }
    },
    "NS": {
        "name": {
            "ja": "積算回数",
            "en": "NUMBER OF SCANS"
        },
        "schema": {
            "type": "integer"
        }
    },
    "SF": {
        "name": {
            "ja": "共鳴周波数",
            "en": "SPECTROMETER FREQUENCY"
        },
        "schema": {
            "type": "number"
        },
        "unit": "MHz"
    },
    "RO": {
        "name": {
            "ja": "スピニング速度",
            "en": "SPINING RATE"
        },
        "schema": {
            "type": "integer"
        },
        "unit": "Hz"
    },
    "TE": {
        "name": {
            "ja": "測定温度",
            "en": "TEMPERATURE"
        },
        "schema": {
            "type": "number"
        },
        "unit": "K"
    },
    "PROBHD": {
        "name": {
            "ja": "プローブ名",
            "en": "PROBE"
        },
        "schema": {
            "type": "string"
        }
    },
    "P1": {
        "name": {
            "ja": "90度パルス幅",
            "en": "90-DEGREE PULSE WIDTH"
        },
        "schema": {
            "type": "string"
        },
        "unit": "us"
    },
    "D1": {
        "name": {
            "ja": "緩和時間",
            "en": "RELAXATION TIME"
        },
        "schema": {
            "type": "string"
        },
        "unit": "s"
    },
    "NUC1": {
        "name": {
            "ja": "観測核",
            "en": "OBSERVE NUCLEUS"
        },
        "schema": {
            "type": "string"
        }
    },
    "TD": {
        "name": {
            "ja": "FIDの測定ポイント数",
            "en": "SIZE OF FID"
        },
        "schema": {
            "type": "integer"
        }
    }
}